exam,account,label,kind,expected_score,formula,expected_verdict
MCQ,sv.gioi,A,MCQ,10.00,(1+1+1+1+1+1+3/3+3/3+1+1) x 10 / 10,
MCQ,sv.kha,B,MCQ,8.00,(1+0+1+1+1+1+3/3+3/3+0+1) x 10 / 10,
MCQ,sv04,4,MCQ,6.00,(0+0+1+1+0+1+3/3+3/3+0+1) x 10 / 10,
MCQ,sv05,5,MCQ,6.00,(1+1+0+1+0+0+0+3/3+1+1) x 10 / 10,
MCQ,sv06,6,MCQ,8.00,(0+1+1+1+1+1+3/3+0+1+1) x 10 / 10,
MCQ,sv07,7,MCQ,7.00,(1+0+1+1+0+0+3/3+3/3+1+1) x 10 / 10,
MCQ,sv08,8,MCQ,7.00,(1+1+1+1+0+1+0+3/3+1+0) x 10 / 10,
MCQ,sv09,9,MCQ,7.33,(0+1+1+0+1+1+3/3+1/3+1+1) x 10 / 10,
MCQ,sv10,10,MCQ,6.00,(1+1+1+1+0+0+3/3+3/3+0+0) x 10 / 10,
MCQ,sv11,11,MCQ,6.33,(1+1+0+0+0+1+1/3+3/3+1+1) x 10 / 10,
MCQ,sv12,12,MCQ,7.00,(1+1+1+1+0+1+3/3+0+0+1) x 10 / 10,
MCQ,sv13,13,MCQ,7.00,(1+0+0+1+1+1+3/3+3/3+1+0) x 10 / 10,
MCQ,sv14,14,MCQ,6.00,(1+1+1+0+0+1+0+0+1+1) x 10 / 10,
MCQ,sv15,15,MCQ,6.00,(0+0+1+1+0+1+3/3+3/3+0+1) x 10 / 10,
MCQ,sv16,16,MCQ,7.00,(1+1+0+1+1+0+0+3/3+1+1) x 10 / 10,
MCQ,sv17,17,MCQ,7.00,(0+1+1+1+0+1+3/3+0+1+1) x 10 / 10,
MCQ,sv18,18,MCQ,7.00,(1+0+1+1+0+0+3/3+3/3+1+1) x 10 / 10,
MCQ,sv19,19,MCQ,8.00,(1+1+1+1+1+1+0+3/3+1+0) x 10 / 10,
MCQ,sv20,20,MCQ,6.33,(0+1+1+0+0+1+3/3+1/3+1+1) x 10 / 10,
MCQ,sv21,21,MCQ,6.00,(1+1+1+1+0+0+3/3+3/3+0+0) x 10 / 10,
MCQ,sv22,22,MCQ,6.33,(1+1+0+0+0+1+1/3+3/3+1+1) x 10 / 10,
MCQ,sv23,23,MCQ,8.00,(1+1+1+1+1+1+3/3+0+0+1) x 10 / 10,
MCQ,sv24,24,MCQ,6.00,(1+0+0+1+0+1+3/3+3/3+1+0) x 10 / 10,
MCQ,sv25,25,MCQ,6.00,(1+1+1+0+0+1+0+0+1+1) x 10 / 10,
CODE,sv.gioi,A,CODE,10.00,(5 x 8/8 + 5 x 5/5) x 10 / 10,gcd-lon-nhat:AC;dem-tu:AC
CODE,sv.kha,B,CODE,8.75,(5 x 6/8 + 5 x 5/5) x 10 / 10,gcd-lon-nhat:WA;dem-tu:AC
CODE,sv04,S04,CODE,3.00,(5 x 0/8 + 5 x 3/5) x 10 / 10,gcd-lon-nhat:CE;dem-tu:WA
CODE,sv05,S05,CODE,10.00,(5 x 8/8 + 5 x 5/5) x 10 / 10,gcd-lon-nhat:AC;dem-tu:AC
CODE,sv06,S06,CODE,8.00,(5 x 8/8 + 5 x 3/5) x 10 / 10,gcd-lon-nhat:AC;dem-tu:WA
CODE,sv07,S07,CODE,5.00,(5 x 0/8 + 5 x 5/5) x 10 / 10,gcd-lon-nhat:NONE;dem-tu:AC
