Email,Họ và tên,MSSV
sv01@example.test,Sinh Viên 01,B20DC00001
sv02@example.test,Sinh Viên 02,B20DC00002
sv03@example.test,Sinh Viên 03,B20DC00003
sv04@example.test,Sinh Viên 04,B20DC00004
sv05@example.test,Sinh Viên 05,B20DC00005
khong-phai-email,Sinh Viên 06,B20DC00006
sv07@example.test,Sinh Viên 07,B20DC00007
sv08@example.test,Sinh Viên 08,B20DC00008
sv09@example.test,Sinh Viên 09,B20DC00009
sv10@example.test,Sinh Viên 10,B20DC00010
sv11@example.test,Sinh Viên 11,B20DC00011
sv12@example.test,Sinh Viên 12,B20DC00012
sv13@example.test,Sinh Viên 13,B20DC00013
sv14@example.test,Sinh Viên 14,B20DC00014
sv15@example.test,Sinh Viên 15,B20DC00015
sv16@example.test,Sinh Viên 16,B20DC00016
sv17@example.test,Sinh Viên 17,B20DC00017
sv18@example.test,,B20DC00018
sv19@example.test,Sinh Viên 19,B20DC00019
sv20@example.test,Sinh Viên 20,B20DC00020
sv21@example.test,Sinh Viên 21,B20DC00021
sv22@example.test,Sinh Viên 22,B20DC00022
sv23@example.test,Sinh Viên 23,B20DC00023
sv24@example.test,Sinh Viên 24,B20DC00024
sv25@example.test,Sinh Viên 25,B20DC00025
sv26@example.test,Sinh Viên 26,B20DC00026
sv27@example.test,Sinh Viên 27,B20DC00027
sv28@example.test,Sinh Viên 28,B20DC00028
sv29@example.test,Sinh Viên 29,B20DC00029
sv30@example.test,Sinh Viên 30,B20DC00030
